{
  "Routes": [
    //Catalog Mikroservis
    {
      "DownstreamPathTemplate": "/api/{everything}",
      "DownstreamScheme": "http",
      "DownstreamHostAndPorts": [
        {
          "Host": "localhost",
          "Port": 7070
        }
      ],
      "UpstreamPathTemplate": "/services/catalog/{everything}",
      "UpstreamHttpMethod": [ "Get", "Post", "Put", "Delete" ],
      "UpstreamScheme": "http",
      "AuthenticationOptions": {
        "AuthenticationProviderKey": "OcelotAuthenticationScheme",
        "AllowedScopes": [ "CatalogFullPermission" ]
      }

    },

    //Discount Mikroservis
    {
      "DownstreamPathTemplate": "/api/{everything}",
      "DownstreamScheme": "http",
      "DownstreamHostAndPorts": [
        {
          "Host": "localhost",
          "Port": 7071
        }
      ],
      "UpstreamPathTemplate": "/services/discount/{everything}",
      "UpstreamHttpMethod": [ "Get", "Post", "Put", "Delete" ],
      "UpstreamScheme": "http",
      "AuthenticationOptions": {
        "AuthenticationProviderKey": "OcelotAuthenticationScheme",
        "AllowedScopes": [ "DiscountFullPermission" ]
      }

    },

    //Order Mikroservis
    {
      "DownstreamPathTemplate": "/api/{everything}",
      "DownstreamScheme": "http",
      "DownstreamHostAndPorts": [
        {
          "Host": "localhost",
          "Port": 7072
        }
      ],
      "UpstreamPathTemplate": "/services/order/{everything}",
      "UpstreamHttpMethod": [ "Get", "Post", "Put", "Delete" ],
      "UpstreamScheme": "http",
      "AuthenticationOptions": {
        "AuthenticationProviderKey": "OcelotAuthenticationScheme",
        "AllowedScopes": [ "OrderFullPermisson" ]
      }

    },

    //Cargo Mikroservis
    {
      "DownstreamPathTemplate": "/api/{everything}",
      "DownstreamScheme": "http",
      "DownstreamHostAndPorts": [
        {
          "Host": "localhost",
          "Port": 7073
        }
      ],
      "UpstreamPathTemplate": "/services/cargo/{everything}",
      "UpstreamHttpMethod": [ "Get", "Post", "Put", "Delete" ],
      "UpstreamScheme": "http",
      "AuthenticationOptions": {
        "AuthenticationProviderKey": "OcelotAuthenticationScheme",
        "AllowedScopes": [ "CargoFullPermission" ]
      }

    },

    //Basket Mikroservis
    {
      "DownstreamPathTemplate": "/api/{everything}",
      "DownstreamScheme": "http",
      "DownstreamHostAndPorts": [
        {
          "Host": "localhost",
          "Port": 7074
        }
      ],
      "UpstreamPathTemplate": "/services/basket/{everything}",
      "UpstreamHttpMethod": [ "Get", "Post", "Put", "Delete" ],
      "UpstreamScheme": "http",
      "AuthenticationOptions": {
        "AuthenticationProviderKey": "OcelotAuthenticationScheme",
        "AllowedScopes": [ "BasketFullPermission" ]
      }

    },

    //Message Mikroservis
    {
      "DownstreamPathTemplate": "/api/{everything}",
      "DownstreamScheme": "http",
      "DownstreamHostAndPorts": [
        {
          "Host": "localhost",
          "Port": 7078
        }
      ],
      "UpstreamPathTemplate": "/services/message/{everything}",
      "UpstreamHttpMethod": [ "Get", "Post", "Put", "Delete" ],
      "UpstreamScheme": "http",
      "AuthenticationOptions": {
        "AuthenticationProviderKey": "OcelotAuthenticationScheme",
        "AllowedScopes": [ "MessageFullPermission" ]
      }

    },

    //Comment Mikroservis
    {
      "DownstreamPathTemplate": "/api/{everything}",
      "DownstreamScheme": "http",
      "DownstreamHostAndPorts": [
        {
          "Host": "localhost",
          "Port": 7075
        }
      ],
      "UpstreamPathTemplate": "/services/comment/{everything}",
      "UpstreamHttpMethod": [ "Get", "Post", "Put", "Delete" ],
      "UpstreamScheme": "http",
      "AuthenticationOptions": {
        "AuthenticationProviderKey": "OcelotAuthenticationScheme",
        "AllowedScopes": [ "CommentFullPermission" ]
      }

    },

    //Payment Mikroservis
    {
      "DownstreamPathTemplate": "/api/{everything}",
      "DownstreamScheme": "http",
      "DownstreamHostAndPorts": [
        {
          "Host": "localhost",
          "Port": 7076
        }
      ],
      "UpstreamPathTemplate": "/services/payment/{everything}",
      "UpstreamHttpMethod": [ "Get", "Post", "Put", "Delete" ],
      "UpstreamScheme": "http",
      "AuthenticationOptions": {
        "AuthenticationProviderKey": "OcelotAuthenticationScheme",
        "AllowedScopes": [ "PaymentFullPermission" ]
      }

    },

    //Images Mikroservis
    {
      "DownstreamPathTemplate": "/api/{everything}",
      "DownstreamScheme": "http",
      "DownstreamHostAndPorts": [
        {
          "Host": "localhost",
          "Port": 7077
        }
      ],
      "UpstreamPathTemplate": "/services/images/{everything}",
      "UpstreamHttpMethod": [ "Get", "Post", "Put", "Delete" ],
      "UpstreamScheme": "http",
      "AuthenticationOptions": {
        "AuthenticationProviderKey": "OcelotAuthenticationScheme",
        "AllowedScopes": [ "ImageFullPermission" ]
      }
    }
  ],
  "GlobalConfiguration": {
    "BaseUrl": "http://localhost:5000"
  }
}
